{
    "images": [
        {
            "height": 96,
            "width": 96,
            "id": 0,
            "file_name": "or00005.png"
        },
        {
            "height": 96,
            "width": 96,
            "id": 1,
            "file_name": "or00004.png"
        },
        {
            "height": 96,
            "width": 96,
            "id": 2,
            "file_name": "or00003.png"
        },
        {
            "height": 96,
            "width": 96,
            "id": 3,
            "file_name": "or00002.png"
        },
        {
            "height": 96,
            "width": 96,
            "id": 4,
            "file_name": "or00001.png"
        },
        {
            "height": 96,
            "width": 96,
            "id": 5,
            "file_name": "or00000.png"
        },
        {
            "height": 96,
            "width": 96,
            "id": 6,
            "file_name": "or00007.png"
        },
        {
            "height": 96,
            "width": 96,
            "id": 7,
            "file_name": "or00006.png"
        }
    ],
    "categories": [
        {
            "supercategory": "4layer",
            "id": 0,
            "name": "4layer"
        },
        {
            "supercategory": "bilayer",
            "id": 1,
            "name": "bilayer"
        },
        {
            "supercategory": "monolayer",
            "id": 2,
            "name": "monolayer"
        },
        {
            "supercategory": "trilayer",
            "id": 3,
            "name": "trilayer"
        }
    ],
    "annotations": [
        {
            "segmentation": [
                [
                    48.900000000000006,
                    16.0,
                    48.8,
                    26.200000000000003,
                    59.0,
                    21.4
                ]
            ],
            "iscrowd": 0,
            "area": 51.7800000000002,
            "image_id": 0,
            "bbox": [
                48.0,
                16.0,
                11.0,
                10.0
            ],
            "category_id": 1,
            "id": 1
        },
        {
            "segmentation": [
                [
                    13.600000000000001,
                    43.1,
                    13.799999999999997,
                    52.099999999999994,
                    15.5,
                    53.2,
                    25.299999999999997,
                    48.3,
                    15.5,
                    42.3
                ]
            ],
            "iscrowd": 0,
            "area": 71.30499999999984,
            "image_id": 0,
            "bbox": [
                13.0,
                42.0,
                12.0,
                11.0
            ],
            "category_id": 1,
            "id": 2
        },
        {
            "segmentation": [
                [
                    67.0,
                    45.4,
                    63.400000000000006,
                    66.6,
                    66.7,
                    70.2,
                    70.1,
                    70.8,
                    92.5,
                    61.8,
                    93.7,
                    56.8,
                    73.6,
                    42.8,
                    70.2,
                    42.5
                ]
            ],
            "iscrowd": 0,
            "area": 533.4700000000012,
            "image_id": 0,
            "bbox": [
                63.0,
                42.0,
                30.0,
                28.0
            ],
            "category_id": 2,
            "id": 3
        },
        {
            "segmentation": [
                [
                    24.0,
                    67.9,
                    26.299999999999997,
                    66.3,
                    31.0,
                    66.8,
                    48.2,
                    84.6,
                    48.599999999999994,
                    87.5,
                    45.7,
                    91.3,
                    19.0,
                    94.4,
                    14.899999999999999,
                    90.1
                ]
            ],
            "iscrowd": 0,
            "area": 594.1050000000014,
            "image_id": 0,
            "bbox": [
                14.0,
                66.0,
                34.0,
                28.0
            ],
            "category_id": 2,
            "id": 4
        },
        {
            "segmentation": [
                [
                    2.6000000000000014,
                    31.700000000000003,
                    3.5,
                    65.1,
                    6.600000000000001,
                    67.9,
                    9.100000000000001,
                    68.1,
                    41.8,
                    50.7,
                    42.7,
                    48.400000000000006,
                    41.6,
                    44.5,
                    8.7,
                    28.4,
                    14.600000000000001,
                    41.0,
                    15.700000000000003,
                    40.6,
                    27.5,
                    48.099999999999994,
                    14.799999999999997,
                    55.3,
                    12.200000000000003,
                    52.8,
                    11.8,
                    42.4,
                    14.5,
                    41.0,
                    8.7,
                    28.0
                ]
            ],
            "iscrowd": 0,
            "area": 843.5700000000006,
            "image_id": 0,
            "bbox": [
                2.0,
                28.0,
                40.0,
                40.0
            ],
            "category_id": 2,
            "id": 5
        },
        {
            "segmentation": [
                [
                    45.0,
                    4.800000000000001,
                    43.5,
                    31.6,
                    47.0,
                    34.3,
                    49.8,
                    34.5,
                    77.0,
                    22.4,
                    77.9,
                    19.9,
                    77.4,
                    17.0,
                    49.7,
                    1.1999999999999993,
                    49.8,
                    14.200000000000003,
                    61.0,
                    20.700000000000003,
                    61.0,
                    22.1,
                    48.400000000000006,
                    28.299999999999997,
                    47.2,
                    27.1,
                    47.0,
                    15.0,
                    49.7,
                    14.0,
                    49.5,
                    1.1000000000000014
                ]
            ],
            "iscrowd": 0,
            "area": 581.5300000000007,
            "image_id": 0,
            "bbox": [
                43.0,
                1.0,
                34.0,
                33.0
            ],
            "category_id": 2,
            "id": 6
        },
        {
            "segmentation": [
                [
                    40.4,
                    71.6,
                    42.8,
                    71.6,
                    48.7,
                    73.2,
                    48.8,
                    92.0,
                    45.599999999999994,
                    94.0,
                    38.7,
                    94.2,
                    4.300000000000001,
                    85.5,
                    2.3000000000000007,
                    83.4,
                    3.3999999999999986,
                    81.5
                ]
            ],
            "iscrowd": 0,
            "area": 676.3250000000007,
            "image_id": 1,
            "bbox": [
                2.0,
                71.0,
                46.0,
                23.0
            ],
            "category_id": 2,
            "id": 7
        },
        {
            "segmentation": [
                [
                    81.4,
                    9.7,
                    74.0,
                    12.399999999999999,
                    83.4,
                    14.5,
                    84.8,
                    13.7,
                    83.4,
                    10.600000000000001
                ]
            ],
            "iscrowd": 0,
            "area": 27.08999999999969,
            "image_id": 1,
            "bbox": [
                74.0,
                9.0,
                10.0,
                5.0
            ],
            "category_id": 1,
            "id": 8
        },
        {
            "segmentation": [
                [
                    81.7,
                    4.800000000000001,
                    84.8,
                    4.899999999999999,
                    89.2,
                    6.699999999999999,
                    93.1,
                    16.200000000000003,
                    89.4,
                    18.6,
                    66.1,
                    15.899999999999999,
                    63.599999999999994,
                    13.3,
                    64.0,
                    11.8,
                    72.2,
                    12.2,
                    72.1,
                    13.399999999999999,
                    84.5,
                    15.700000000000003,
                    86.7,
                    13.899999999999999,
                    83.6,
                    8.7,
                    80.8,
                    8.0,
                    72.4,
                    11.8,
                    64.1,
                    11.7
                ]
            ],
            "iscrowd": 0,
            "area": 196.3699999999999,
            "image_id": 1,
            "bbox": [
                63.0,
                4.0,
                30.0,
                14.0
            ],
            "category_id": 2,
            "id": 9
        },
        {
            "segmentation": [
                [
                    94.8,
                    73.9,
                    84.1,
                    77.2,
                    82.3,
                    78.6,
                    82.6,
                    80.6,
                    94.4,
                    85.4
                ]
            ],
            "iscrowd": 0,
            "area": 86.53499999999985,
            "image_id": 2,
            "bbox": [
                82.0,
                73.0,
                12.0,
                12.0
            ],
            "category_id": 2,
            "id": 10
        },
        {
            "segmentation": [
                [
                    46.2,
                    75.7,
                    49.2,
                    73.1,
                    53.400000000000006,
                    73.1,
                    80.1,
                    81.9,
                    81.1,
                    84.5,
                    78.7,
                    86.7,
                    51.5,
                    94.0,
                    47.2,
                    93.6,
                    44.400000000000006,
                    91.8
                ]
            ],
            "iscrowd": 0,
            "area": 492.4399999999987,
            "image_id": 2,
            "bbox": [
                44.0,
                73.0,
                37.0,
                21.0
            ],
            "category_id": 2,
            "id": 11
        },
        {
            "segmentation": [
                [
                    23.700000000000003,
                    52.5,
                    36.6,
                    53.8,
                    28.200000000000003,
                    60.0,
                    22.700000000000003,
                    53.7
                ]
            ],
            "iscrowd": 0,
            "area": 51.90000000000009,
            "image_id": 2,
            "bbox": [
                22.0,
                52.0,
                14.0,
                8.0
            ],
            "category_id": 1,
            "id": 12
        },
        {
            "segmentation": [
                [
                    20.299999999999997,
                    49.0,
                    41.9,
                    50.8,
                    45.5,
                    53.7,
                    31.299999999999997,
                    64.5,
                    27.4,
                    64.8,
                    22.4,
                    63.8,
                    14.899999999999999,
                    52.400000000000006,
                    15.5,
                    51.2,
                    21.0,
                    53.3,
                    21.1,
                    54.2,
                    27.5,
                    61.599999999999994,
                    38.5,
                    54.099999999999994,
                    37.6,
                    52.7,
                    23.1,
                    50.7,
                    21.0,
                    53.3,
                    15.600000000000001,
                    51.400000000000006
                ]
            ],
            "iscrowd": 0,
            "area": 205.58499999999913,
            "image_id": 2,
            "bbox": [
                14.0,
                49.0,
                31.0,
                15.0
            ],
            "category_id": 2,
            "id": 13
        },
        {
            "segmentation": [
                [
                    80.3,
                    31.200000000000003,
                    81.6,
                    37.5,
                    83.3,
                    38.0,
                    93.5,
                    33.3,
                    82.6,
                    30.5
                ]
            ],
            "iscrowd": 0,
            "area": 53.79500000000098,
            "image_id": 2,
            "bbox": [
                80.0,
                30.0,
                13.0,
                8.0
            ],
            "category_id": 1,
            "id": 14
        },
        {
            "segmentation": [
                [
                    70.6,
                    5.800000000000001,
                    71.3,
                    13.100000000000001,
                    83.3,
                    9.2
                ]
            ],
            "iscrowd": 0,
            "area": 45.164999999999964,
            "image_id": 2,
            "bbox": [
                70.0,
                5.0,
                13.0,
                8.0
            ],
            "category_id": 1,
            "id": 15
        },
        {
            "segmentation": [
                [
                    26.5,
                    28.5,
                    15.600000000000001,
                    32.0,
                    26.799999999999997,
                    36.3,
                    28.4,
                    35.4,
                    28.5,
                    29.1
                ]
            ],
            "iscrowd": 0,
            "area": 55.74000000000001,
            "image_id": 2,
            "bbox": [
                15.0,
                28.0,
                13.0,
                8.0
            ],
            "category_id": 0,
            "id": 16
        },
        {
            "segmentation": [
                [
                    63.7,
                    3.6000000000000014,
                    68.9,
                    1.0,
                    90.2,
                    6.600000000000001,
                    92.0,
                    8.5,
                    91.8,
                    10.7,
                    72.9,
                    18.1,
                    68.4,
                    18.0,
                    64.2,
                    15.299999999999997,
                    69.4,
                    13.2,
                    68.8,
                    4.600000000000001,
                    70.1,
                    3.6999999999999993,
                    84.7,
                    7.899999999999999,
                    85.1,
                    10.2,
                    71.4,
                    15.0,
                    69.2,
                    13.2,
                    64.4,
                    15.700000000000003
                ]
            ],
            "iscrowd": 0,
            "area": 436.0450000000001,
            "image_id": 2,
            "bbox": [
                63.0,
                1.0,
                29.0,
                17.0
            ],
            "category_id": 2,
            "id": 17
        },
        {
            "segmentation": [
                [
                    73.6,
                    28.5,
                    76.4,
                    26.6,
                    81.6,
                    26.4,
                    86.6,
                    24.6,
                    94.5,
                    26.5,
                    94.9,
                    38.7,
                    85.1,
                    42.1,
                    78.4,
                    42.6,
                    75.2,
                    40.3,
                    80.2,
                    38.4,
                    83.2,
                    39.5,
                    94.9,
                    33.9,
                    94.4,
                    31.5,
                    81.7,
                    28.799999999999997,
                    78.3,
                    30.4,
                    80.2,
                    38.7,
                    75.6,
                    40.1
                ]
            ],
            "iscrowd": 0,
            "area": 196.0799999999981,
            "image_id": 2,
            "bbox": [
                73.0,
                24.0,
                21.0,
                18.0
            ],
            "category_id": 2,
            "id": 18
        },
        {
            "segmentation": [
                [
                    6.300000000000001,
                    23.9,
                    12.200000000000003,
                    21.700000000000003,
                    22.799999999999997,
                    24.9,
                    26.6,
                    23.4,
                    31.299999999999997,
                    23.5,
                    35.7,
                    25.700000000000003,
                    35.9,
                    39.1,
                    33.1,
                    40.4,
                    29.299999999999997,
                    41.5,
                    5.699999999999999,
                    33.2,
                    13.899999999999999,
                    32.6,
                    27.6,
                    38.0,
                    29.9,
                    35.8,
                    29.799999999999997,
                    28.799999999999997,
                    26.4,
                    26.799999999999997,
                    13.899999999999999,
                    30.6,
                    14.100000000000001,
                    33.1,
                    5.100000000000001,
                    33.2
                ]
            ],
            "iscrowd": 0,
            "area": 326.125,
            "image_id": 2,
            "bbox": [
                5.0,
                21.0,
                30.0,
                20.0
            ],
            "category_id": 2,
            "id": 19
        },
        {
            "segmentation": [
                [
                    74.0,
                    77.9,
                    65.3,
                    85.8,
                    81.3,
                    87.2,
                    81.9,
                    86.2,
                    75.8,
                    78.2
                ]
            ],
            "iscrowd": 0,
            "area": 82.01499999999942,
            "image_id": 3,
            "bbox": [
                65.0,
                77.0,
                16.0,
                10.0
            ],
            "category_id": 1,
            "id": 20
        },
        {
            "segmentation": [
                [
                    5.399999999999999,
                    8.2,
                    10.8,
                    4.699999999999999,
                    14.600000000000001,
                    4.699999999999999,
                    49.3,
                    11.8,
                    52.599999999999994,
                    14.700000000000003,
                    53.099999999999994,
                    18.1,
                    23.700000000000003,
                    35.4,
                    17.6,
                    35.7,
                    13.200000000000003,
                    33.4
                ]
            ],
            "iscrowd": 0,
            "area": 926.675,
            "image_id": 3,
            "bbox": [
                5.0,
                4.0,
                48.0,
                31.0
            ],
            "category_id": 2,
            "id": 21
        },
        {
            "segmentation": [
                [
                    22.6,
                    56.099999999999994,
                    26.6,
                    53.099999999999994,
                    31.799999999999997,
                    52.900000000000006,
                    67.7,
                    65.4,
                    70.4,
                    69.2,
                    68.5,
                    71.2,
                    33.5,
                    87.5,
                    28.6,
                    87.5,
                    23.1,
                    84.5
                ]
            ],
            "iscrowd": 0,
            "area": 1048.335000000001,
            "image_id": 3,
            "bbox": [
                22.0,
                52.0,
                48.0,
                35.0
            ],
            "category_id": 2,
            "id": 22
        },
        {
            "segmentation": [
                [
                    72.8,
                    71.2,
                    81.0,
                    72.1,
                    91.7,
                    87.8,
                    88.1,
                    92.3,
                    60.2,
                    91.8,
                    56.0,
                    87.8,
                    55.7,
                    86.1,
                    69.5,
                    73.6,
                    72.8,
                    76.5,
                    62.900000000000006,
                    85.7,
                    63.900000000000006,
                    87.2,
                    82.5,
                    88.9,
                    84.0,
                    85.9,
                    76.0,
                    75.9,
                    72.7,
                    76.4,
                    69.5,
                    73.7
                ]
            ],
            "iscrowd": 0,
            "area": 350.2099999999991,
            "image_id": 3,
            "bbox": [
                55.0,
                71.0,
                36.0,
                21.0
            ],
            "category_id": 2,
            "id": 23
        },
        {
            "segmentation": [
                [
                    19.200000000000003,
                    67.9,
                    15.399999999999999,
                    79.3,
                    16.799999999999997,
                    80.6,
                    31.799999999999997,
                    77.1,
                    31.799999999999997,
                    75.5,
                    21.1,
                    66.9
                ]
            ],
            "iscrowd": 0,
            "area": 125.09999999999945,
            "image_id": 4,
            "bbox": [
                15.0,
                66.0,
                16.0,
                14.0
            ],
            "category_id": 3,
            "id": 24
        },
        {
            "segmentation": [
                [
                    67.0,
                    18.4,
                    59.8,
                    30.700000000000003,
                    61.400000000000006,
                    34.6,
                    66.5,
                    38.2,
                    79.8,
                    37.7,
                    85.6,
                    33.2,
                    85.8,
                    29.0,
                    76.9,
                    17.4,
                    71.7,
                    17.0
                ]
            ],
            "iscrowd": 0,
            "area": 398.5750000000007,
            "image_id": 4,
            "bbox": [
                59.0,
                17.0,
                26.0,
                21.0
            ],
            "category_id": 2,
            "id": 25
        },
        {
            "segmentation": [
                [
                    38.2,
                    8.100000000000001,
                    27.0,
                    18.5,
                    25.9,
                    23.6,
                    28.9,
                    28.1,
                    48.099999999999994,
                    31.5,
                    53.599999999999994,
                    27.299999999999997,
                    54.400000000000006,
                    24.9,
                    48.400000000000006,
                    10.2,
                    44.5,
                    7.600000000000001
                ]
            ],
            "iscrowd": 0,
            "area": 470.71000000000004,
            "image_id": 4,
            "bbox": [
                25.0,
                7.0,
                29.0,
                24.0
            ],
            "category_id": 2,
            "id": 26
        },
        {
            "segmentation": [
                [
                    11.7,
                    59.099999999999994,
                    15.700000000000003,
                    57.099999999999994,
                    20.700000000000003,
                    56.099999999999994,
                    23.0,
                    57.400000000000006,
                    42.6,
                    72.7,
                    44.5,
                    75.5,
                    43.3,
                    82.4,
                    13.399999999999999,
                    90.2,
                    4.699999999999999,
                    84.9,
                    13.200000000000003,
                    80.1,
                    18.1,
                    65.8,
                    21.200000000000003,
                    64.6,
                    34.2,
                    75.4,
                    33.1,
                    78.6,
                    16.4,
                    82.8,
                    13.200000000000003,
                    80.2,
                    4.699999999999999,
                    85.2
                ]
            ],
            "iscrowd": 0,
            "area": 1095.3650000000016,
            "image_id": 4,
            "bbox": [
                4.0,
                56.0,
                40.0,
                34.0
            ],
            "category_id": 2,
            "id": 27
        },
        {
            "segmentation": [
                [
                    13.600000000000001,
                    27.9,
                    18.1,
                    39.4,
                    20.0,
                    39.7,
                    30.5,
                    30.299999999999997,
                    29.9,
                    28.5,
                    15.600000000000001,
                    25.9
                ]
            ],
            "iscrowd": 0,
            "area": 133.66999999999985,
            "image_id": 5,
            "bbox": [
                13.0,
                25.0,
                17.0,
                14.0
            ],
            "category_id": 0,
            "id": 28
        },
        {
            "segmentation": [
                [
                    66.3,
                    13.399999999999999,
                    79.2,
                    8.8,
                    82.0,
                    9.8,
                    79.9,
                    22.799999999999997,
                    76.5,
                    23.700000000000003,
                    65.3,
                    15.700000000000003
                ]
            ],
            "iscrowd": 0,
            "area": 150.13999999999987,
            "image_id": 5,
            "bbox": [
                65.0,
                8.0,
                17.0,
                15.0
            ],
            "category_id": 3,
            "id": 29
        },
        {
            "segmentation": [
                [
                    18.700000000000003,
                    68.1,
                    7.100000000000001,
                    75.1,
                    6.199999999999999,
                    79.0,
                    8.3,
                    83.8,
                    20.299999999999997,
                    89.6,
                    23.5,
                    89.8,
                    29.4,
                    85.4,
                    29.4,
                    72.8,
                    23.4,
                    68.2
                ]
            ],
            "iscrowd": 0,
            "area": 372.0100000000002,
            "image_id": 5,
            "bbox": [
                6.0,
                68.0,
                23.0,
                21.0
            ],
            "category_id": 2,
            "id": 30
        },
        {
            "segmentation": [
                [
                    63.2,
                    9.0,
                    78.6,
                    3.8000000000000007,
                    82.6,
                    4.5,
                    85.7,
                    6.100000000000001,
                    88.0,
                    9.7,
                    85.7,
                    23.9,
                    83.9,
                    26.799999999999997,
                    80.7,
                    28.700000000000003,
                    75.1,
                    28.9,
                    60.099999999999994,
                    18.4,
                    59.7,
                    14.100000000000001,
                    64.0,
                    15.299999999999997,
                    65.1,
                    12.399999999999999,
                    79.1,
                    7.199999999999999,
                    83.6,
                    9.3,
                    81.1,
                    24.4,
                    76.0,
                    25.299999999999997,
                    63.8,
                    15.200000000000003,
                    59.7,
                    14.399999999999999
                ]
            ],
            "iscrowd": 0,
            "area": 728.710000000001,
            "image_id": 5,
            "bbox": [
                59.0,
                3.0,
                29.0,
                25.0
            ],
            "category_id": 2,
            "id": 31
        },
        {
            "segmentation": [
                [
                    15.600000000000001,
                    21.200000000000003,
                    29.9,
                    23.799999999999997,
                    33.2,
                    26.9,
                    34.8,
                    28.299999999999997,
                    34.7,
                    32.5,
                    33.6,
                    33.9,
                    23.6,
                    42.9,
                    16.1,
                    43.1,
                    12.100000000000001,
                    40.3,
                    8.0,
                    28.9,
                    9.600000000000001,
                    24.799999999999997,
                    12.5,
                    26.700000000000003,
                    11.8,
                    27.6,
                    17.200000000000003,
                    40.7,
                    20.4,
                    41.0,
                    32.3,
                    30.5,
                    30.700000000000003,
                    26.9,
                    15.200000000000003,
                    24.1,
                    12.600000000000001,
                    26.700000000000003,
                    9.7,
                    24.700000000000003
                ]
            ],
            "iscrowd": 0,
            "area": 212.3050000000003,
            "image_id": 5,
            "bbox": [
                8.0,
                21.0,
                26.0,
                22.0
            ],
            "category_id": 2,
            "id": 32
        },
        {
            "segmentation": [
                [
                    21.299999999999997,
                    81.8,
                    26.4,
                    81.6,
                    31.200000000000003,
                    86.6,
                    29.1,
                    90.4,
                    25.9,
                    93.0,
                    20.700000000000003,
                    92.2,
                    17.700000000000003,
                    86.9,
                    18.4,
                    84.8
                ]
            ],
            "iscrowd": 0,
            "area": 107.44499999999971,
            "image_id": 6,
            "bbox": [
                17.0,
                81.0,
                14.0,
                12.0
            ],
            "category_id": 2,
            "id": 33
        },
        {
            "segmentation": [
                [
                    15.899999999999999,
                    44.2,
                    26.5,
                    41.1,
                    28.700000000000003,
                    42.0,
                    25.5,
                    53.900000000000006,
                    24.299999999999997,
                    54.400000000000006
                ]
            ],
            "iscrowd": 0,
            "area": 89.03999999999996,
            "image_id": 6,
            "bbox": [
                15.0,
                41.0,
                13.0,
                13.0
            ],
            "category_id": 3,
            "id": 34
        },
        {
            "segmentation": [
                [
                    6.399999999999999,
                    37.6,
                    34.7,
                    30.4,
                    38.8,
                    34.4,
                    30.299999999999997,
                    65.4,
                    28.5,
                    66.5,
                    24.6,
                    66.6,
                    3.3999999999999986,
                    44.6,
                    14.399999999999999,
                    44.9,
                    23.9,
                    56.3,
                    26.799999999999997,
                    55.2,
                    30.700000000000003,
                    40.6,
                    27.4,
                    39.0,
                    14.399999999999999,
                    42.7,
                    14.299999999999997,
                    45.3,
                    3.5,
                    44.4
                ]
            ],
            "iscrowd": 0,
            "area": 596.9199999999992,
            "image_id": 6,
            "bbox": [
                3.0,
                30.0,
                35.0,
                36.0
            ],
            "category_id": 2,
            "id": 35
        },
        {
            "segmentation": [
                [
                    69.2,
                    28.6,
                    69.0,
                    31.799999999999997,
                    72.0,
                    30.4
                ]
            ],
            "iscrowd": 0,
            "area": 4.6599999999998545,
            "image_id": 6,
            "bbox": [
                69.0,
                28.0,
                3.0,
                3.0
            ],
            "category_id": 1,
            "id": 36
        },
        {
            "segmentation": [
                [
                    76.5,
                    4.300000000000001,
                    44.3,
                    30.0,
                    44.8,
                    36.4,
                    83.4,
                    53.8,
                    88.3,
                    50.7,
                    83.3,
                    6.600000000000001,
                    73.7,
                    29.4,
                    73.9,
                    30.799999999999997,
                    68.4,
                    33.5,
                    67.2,
                    32.1,
                    67.6,
                    26.799999999999997,
                    69.7,
                    26.700000000000003,
                    73.6,
                    29.299999999999997,
                    83.2,
                    6.600000000000001
                ]
            ],
            "iscrowd": 0,
            "area": 1248.0000000000018,
            "image_id": 6,
            "bbox": [
                44.0,
                4.0,
                44.0,
                49.0
            ],
            "category_id": 2,
            "id": 37
        },
        {
            "segmentation": [
                [
                    78.4,
                    52.099999999999994,
                    73.7,
                    60.5,
                    75.0,
                    65.0,
                    77.8,
                    66.8,
                    88.9,
                    66.9,
                    92.6,
                    63.400000000000006,
                    92.5,
                    59.599999999999994,
                    86.9,
                    51.7,
                    82.4,
                    50.8
                ]
            ],
            "iscrowd": 0,
            "area": 230.35999999999694,
            "image_id": 7,
            "bbox": [
                73.0,
                50.0,
                19.0,
                16.0
            ],
            "category_id": 2,
            "id": 38
        },
        {
            "segmentation": [
                [
                    50.8,
                    63.400000000000006,
                    30.700000000000003,
                    73.9,
                    29.6,
                    78.7,
                    31.0,
                    81.9,
                    50.599999999999994,
                    92.1,
                    54.900000000000006,
                    91.7,
                    58.599999999999994,
                    88.5,
                    58.5,
                    67.4,
                    55.2,
                    64.1
                ]
            ],
            "iscrowd": 0,
            "area": 577.0950000000012,
            "image_id": 7,
            "bbox": [
                29.0,
                63.0,
                29.0,
                29.0
            ],
            "category_id": 2,
            "id": 39
        },
        {
            "segmentation": [
                [
                    28.4,
                    12.0,
                    41.1,
                    8.899999999999999,
                    37.3,
                    20.799999999999997
                ]
            ],
            "iscrowd": 0,
            "area": 69.67499999999995,
            "image_id": 7,
            "bbox": [
                28.0,
                8.0,
                13.0,
                12.0
            ],
            "category_id": 3,
            "id": 40
        },
        {
            "segmentation": [
                [
                    18.9,
                    18.1,
                    8.600000000000001,
                    24.1,
                    19.1,
                    29.799999999999997,
                    20.4,
                    28.9
                ]
            ],
            "iscrowd": 0,
            "area": 68.54999999999995,
            "image_id": 7,
            "bbox": [
                8.0,
                18.0,
                12.0,
                11.0
            ],
            "category_id": 0,
            "id": 41
        },
        {
            "segmentation": [
                [
                    16.9,
                    14.200000000000003,
                    5.899999999999999,
                    20.200000000000003,
                    4.699999999999999,
                    23.6,
                    5.800000000000001,
                    27.6,
                    17.700000000000003,
                    33.7,
                    20.700000000000003,
                    33.6,
                    24.6,
                    30.6,
                    24.9,
                    19.1,
                    22.6,
                    16.0,
                    20.4,
                    17.4,
                    22.1,
                    29.9,
                    19.200000000000003,
                    31.4,
                    7.100000000000001,
                    24.6,
                    7.399999999999999,
                    23.1,
                    18.700000000000003,
                    16.1,
                    20.200000000000003,
                    17.6,
                    22.5,
                    16.1
                ]
            ],
            "iscrowd": 0,
            "area": 154.24999999999955,
            "image_id": 7,
            "bbox": [
                4.0,
                14.0,
                20.0,
                19.0
            ],
            "category_id": 2,
            "id": 42
        },
        {
            "segmentation": [
                [
                    26.299999999999997,
                    8.7,
                    38.2,
                    5.199999999999999,
                    42.6,
                    6.399999999999999,
                    45.3,
                    9.899999999999999,
                    42.7,
                    21.799999999999997,
                    39.3,
                    23.5,
                    33.9,
                    24.0,
                    24.5,
                    15.100000000000001,
                    27.200000000000003,
                    13.2,
                    36.5,
                    22.0,
                    38.5,
                    21.5,
                    42.6,
                    8.899999999999999,
                    41.6,
                    7.899999999999999,
                    26.5,
                    10.8,
                    27.700000000000003,
                    13.600000000000001,
                    24.1,
                    15.0
                ]
            ],
            "iscrowd": 0,
            "area": 152.65999999999985,
            "image_id": 7,
            "bbox": [
                24.0,
                5.0,
                21.0,
                19.0
            ],
            "category_id": 2,
            "id": 43
        }
    ]
}