{"or00000.png13681":{"fileref":"","size":13681,"filename":"or00000.png","base64_img_data":"","file_attributes":{},"regions":{"0":{"shape_attributes":{"name":"polygon","all_points_x":[14,18,20,30,29,16,14],"all_points_y":[28,39,39,31,29,27,28]},"region_attributes":{"thickness":"1"}},"1":{"shape_attributes":{"name":"polygon","all_points_x":[66,80,82,80,77,66,66],"all_points_y":[14,9,11,22,23,16,14]},"region_attributes":{"thickness":"1"}},"2":{"shape_attributes":{"name":"polygon","all_points_x":[19,7,6,6,9,20,25,29,29,25,19],"all_points_y":[68,75,78,81,84,90,88,85,73,69,68]},"region_attributes":{"thickness":"2"}},"3":{"shape_attributes":{"name":"polygon","all_points_x":[19,23,34,34,31,16,12,10,9,13,17,13,15,29,31,20,17,16,13,19],"all_points_y":[44,43,33,29,24,22,23,25,29,41,39,27,25,27,31,40,40,39,41,44]},"region_attributes":{"thickness":"2"}},"4":{"shape_attributes":{"name":"polygon","all_points_x":[73,60,60,63,78,83,87,86,83,76,78,81,84,80,64,65,75,77,76,73],"all_points_y":[28,18,12,9,4,5,8,24,27,29,25,23,10,7,13,17,24,25,29,28]},"region_attributes":{"thickness":"2"}}}},"or00001.png13875":{"fileref":"","size":13875,"filename":"or00001.png","base64_img_data":"","file_attributes":{},"regions":{"0":{"shape_attributes":{"name":"polygon","all_points_x":[38,26,26,31,47,51,55,49,45,38],"all_points_y":[9,19,25,29,32,31,25,10,8,9]},"region_attributes":{"thickness":"2"}},"1":{"shape_attributes":{"name":"polygon","all_points_x":[67,61,61,66,81,84,86,77,71,67],"all_points_y":[20,29,33,38,37,34,29,18,17,20]},"region_attributes":{"thickness":"2"}},"2":{"shape_attributes":{"name":"polygon","all_points_x":[19,15,17,32,33,22,19],"all_points_y":[68,80,81,78,76,67,68]},"region_attributes":{"thickness":"1"}},"3":{"shape_attributes":{"name":"polygon","all_points_x":[12,40,42,44,44,23,19,13,5,8,15,14,18,24,35,34,18,15,8,12],"all_points_y":[89,84,83,77,75,58,57,59,83,88,81,80,67,65,76,79,83,82,88,89]},"region_attributes":{"thickness":"2"}}}},"or00002.png13899":{"fileref":"","size":13899,"filename":"or00002.png","base64_img_data":"","file_attributes":{},"regions":{"0":{"shape_attributes":{"name":"polygon","all_points_x":[6,10,15,50,53,53,23,17,13,6],"all_points_y":[8,5,4,12,15,18,35,36,33,8]},"region_attributes":{"thickness":"3"}},"1":{"shape_attributes":{"name":"polygon","all_points_x":[22,25,30,68,70,68,34,30,23,22],"all_points_y":[57,54,53,66,68,72,87,87,85,57]},"region_attributes":{"thickness":"3"}},"2":{"shape_attributes":{"name":"polygon","all_points_x":[73,66,66,81,82,76,73],"all_points_y":[78,85,86,88,86,78,78]},"region_attributes":{"thickness":"1"}},"3":{"shape_attributes":{"name":"polygon","all_points_x":[59,87,89,91,81,76,70,55,56,65,65,72,77,83,82,81,66,65,56,59],"all_points_y":[91,93,91,89,72,72,72,86,88,86,85,77,76,87,89,89,88,86,89,91]},"region_attributes":{"thickness":"3"}}}},"or00003.png13681":{"fileref":"","size":13681,"filename":"or00003.png","base64_img_data":"","file_attributes":{},"regions":{"0":{"shape_attributes":{"name":"polygon","all_points_x":[94,83,83,94,94],"all_points_y":[75,79,81,86,75]},"region_attributes":{"thickness":"2"}},"1":{"shape_attributes":{"name":"polygon","all_points_x":[47,49,53,80,81,79,52,48,44,47],"all_points_y":[76,74,73,82,84,86,94,94,92,76]},"region_attributes":{"thickness":"2"}},"2":{"shape_attributes":{"name":"polygon","all_points_x":[71,70,72,83,83,71,71],"all_points_y":[6,12,13,10,9,5,6]},"region_attributes":{"thickness":"3"}},"3":{"shape_attributes":{"name":"polygon","all_points_x":[80,82,93,93,85,81,80],"all_points_y":[31,30,32,33,37,37,31]},"region_attributes":{"thickness":"3"}},"4":{"shape_attributes":{"name":"polygon","all_points_x":[24,37,37,29,27,23,24],"all_points_y":[53,54,54,60,60,53,53]},"region_attributes":{"thickness":"3"}},"5":{"shape_attributes":{"name":"polygon","all_points_x":[16,26,28,28,27,15,16],"all_points_y":[31,28,28,36,36,32,31]},"region_attributes":{"thickness":"1"}},"6":{"shape_attributes":{"name":"polygon","all_points_x":[76,82,94,95,90,85,82,77,73,75,80,79,82,94,94,84,82,80,75,76],"all_points_y":[41,42,37,27,25,25,26,26,28,37,37,30,29,31,34,39,39,37,38,41]},"region_attributes":{"thickness":"2"}},"7":{"shape_attributes":{"name":"polygon","all_points_x":[64,71,92,92,91,72,68,64,64,69,70,84,83,72,69,65,64],"all_points_y":[16,18,11,9,7,2,2,4,14,12,4,8,11,14,12,14,16]},"region_attributes":{"thickness":"2"}},"8":{"shape_attributes":{"name":"polygon","all_points_x":[29,29,33,35,35,32,27,23,13,5,6,27,27,13,13,27,29,30,29,27,27,29],"all_points_y":[41,41,40,38,26,23,23,25,22,24,33,41,37,32,30,26,27,36,37,37,41,41]},"region_attributes":{"thickness":"2"}},"9":{"shape_attributes":{"name":"polygon","all_points_x":[23,26,30,44,45,43,41,21,18,15,22,26,22,23,38,38,38,30,26,25,22,23],"all_points_y":[64,64,64,55,54,52,51,49,50,52,62,60,53,51,53,54,55,61,61,60,62,64]},"region_attributes":{"thickness":"2"}}}},"or00004.png12725":{"fileref":"","size":12725,"filename":"or00004.png","base64_img_data":"","file_attributes":{},"regions":{"0":{"shape_attributes":{"name":"polygon","all_points_x":[74,81,84,85,84,74],"all_points_y":[13,10,10,14,15,13]},"region_attributes":{"thickness":"1"}},"1":{"shape_attributes":{"name":"polygon","all_points_x":[5,40,43,48,49,46,41,3,3,5],"all_points_y":[82,72,72,74,93,94,95,86,84,82]},"region_attributes":{"thickness":"3"}},"2":{"shape_attributes":{"name":"polygon","all_points_x":[77,65,64,65,79,84,89,93,90,80,81,84,87,85,79,73,73,81,80,77],"all_points_y":[18,15,13,12,6,6,7,16,18,19,16,16,14,9,9,12,14,16,19,18]},"region_attributes":{"thickness":"3"}}}},"or00005.png14073":{"fileref":"","size":14073,"filename":"or00005.png","base64_img_data":"","file_attributes":{},"regions":{"0":{"shape_attributes":{"name":"polygon","all_points_x":[49,48,49,59,59,50,49],"all_points_y":[17,26,26,22,21,16,17]},"region_attributes":{"thickness":"1"}},"1":{"shape_attributes":{"name":"polygon","all_points_x":[14,14,15,25,25,15,14,14],"all_points_y":[44,53,54,49,47,42,43,44]},"region_attributes":{"thickness":"1"}},"2":{"shape_attributes":{"name":"polygon","all_points_x":[66,64,68,70,92,94,94,73,71,68,66],"all_points_y":[46,67,70,71,62,60,56,43,43,44,46]},"region_attributes":{"thickness":"3"}},"3":{"shape_attributes":{"name":"polygon","all_points_x":[24,14,18,45,47,49,32,27,24],"all_points_y":[69,90,94,92,89,85,67,67,69]},"region_attributes":{"thickness":"3"}},"4":{"shape_attributes":{"name":"polygon","all_points_x":[49,77,78,52,50,46,45,44,47,48,49,60,60,49,47,44,49],"all_points_y":[35,23,17,2,2,4,7,31,27,15,14,20,23,28,27,31,35]},"region_attributes":{"thickness":"3"}},"5":{"shape_attributes":{"name":"polygon","all_points_x":[10,41,42,42,41,9,5,3,3,5,14,13,13,14,15,26,26,24,15,14,5,10],"all_points_y":[68,51,48,45,44,28,29,32,65,68,55,54,41,41,41,46,50,52,55,55,67,68]},"region_attributes":{"thickness":"3"}}}},"or00006.png13653":{"fileref":"","size":13653,"filename":"or00006.png","base64_img_data":"","file_attributes":{},"regions":{"0":{"shape_attributes":{"name":"polygon","all_points_x":[9,19,20,21,19,9],"all_points_y":[25,18,18,28,30,25]},"region_attributes":{"thickness":"1"}},"1":{"shape_attributes":{"name":"polygon","all_points_x":[29,40,41,38,37,28,29],"all_points_y":[12,9,10,21,21,13,12]},"region_attributes":{"thickness":"1"}},"2":{"shape_attributes":{"name":"polygon","all_points_x":[81,87,93,93,90,79,73,78,81],"all_points_y":[51,52,60,62,66,67,61,53,51]},"region_attributes":{"thickness":"2"}},"3":{"shape_attributes":{"name":"polygon","all_points_x":[50,31,30,31,50,55,58,59,55,50],"all_points_y":[64,74,77,81,92,92,89,67,64,64]},"region_attributes":{"thickness":"2"}},"4":{"shape_attributes":{"name":"polygon","all_points_x":[39,43,45,44,40,33,27,24,27,34,36,27,28,40,42,42,39,36,34,39],"all_points_y":[24,22,11,8,6,7,9,13,17,24,22,13,11,8,10,11,22,22,24,24]},"region_attributes":{"thickness":"2"}},"5":{"shape_attributes":{"name":"polygon","all_points_x":[18,21,24,25,25,23,18,7,5,5,5,6,9,16,18,8,8,18,20,21,22,22,20,18,16,18],"all_points_y":[34,34,31,30,19,16,14,20,22,25,28,29,31,34,30,25,24,17,17,18,19,29,31,31,34,34]},"region_attributes":{"thickness":"2"}}}},"or00007.png13655":{"fileref":"","size":13655,"filename":"or00007.png","base64_img_data":"","file_attributes":{},"regions":{"0":{"shape_attributes":{"name":"polygon","all_points_x":[16,27,29,25,24,15,16],"all_points_y":[44,41,42,54,55,46,44]},"region_attributes":{"thickness":"1"}},"1":{"shape_attributes":{"name":"polygon","all_points_x":[22,26,28,30,27,25,20,18,20,22],"all_points_y":[82,81,82,86,92,93,93,87,83,82]},"region_attributes":{"thickness":"2"}},"2":{"shape_attributes":{"name":"polygon","all_points_x":[44,77,80,83,88,86,83,44,44],"all_points_y":[31,4,4,6,48,52,54,36,31]},"region_attributes":{"thickness":"2"}},"3":{"shape_attributes":{"name":"polygon","all_points_x":[20,25,30,38,34,6,5,4,19,23,14,15,28,30,25,24,23,19,20],"all_points_y":[63,68,66,35,31,38,41,43,62,56,46,43,40,42,56,57,56,62,63]},"region_attributes":{"thickness":"2"}}}}}