{"or00000.png13681":{"filename":"or00000.png","size":13681,"regions":[{"shape_attributes":{"name":"polygon","all_points_x":[7,5,7,21,27,30,30,24,18],"all_points_y":[75,80,84,90,89,85,72,68,68]},"region_attributes":{"thickness":"blue"}},{"shape_attributes":{"name":"polygon","all_points_x":[8,13,16,23,34,34,31,17,11,14,30,32,21,17,12,14,11],"all_points_y":[27,40,43,44,34,28,24,21,23,24,27,30,41,40,27,24,23]},"region_attributes":{"thickness":"blue"}},{"shape_attributes":{"name":"polygon","all_points_x":[15,29,30,21,18,13],"all_points_y":[25,28,30,40,39,27]},"region_attributes":{"thickness":"yellow"}},{"shape_attributes":{"name":"polygon","all_points_x":[60,59,62,79,85,89,86,81,75,77,82,85,80,65,64,77,75],"all_points_y":[18,14,10,3,5,10,24,28,29,25,23,10,7,12,16,25,29]},"region_attributes":{"thickness":"blue"}},{"shape_attributes":{"name":"polygon","all_points_x":[66,80,84,81,79,77,66],"all_points_y":[13,8,11,22,23,24,16]},"region_attributes":{"thickness":"yellow"}}],"file_attributes":{}},"or00001.png13875":{"filename":"or00001.png","size":13875,"regions":[{"shape_attributes":{"name":"polygon","all_points_x":[26,37,44,49,54,53,49,30,25],"all_points_y":[19,8,7,10,25,28,32,29,25]},"region_attributes":{"thickness":"blue"}},{"shape_attributes":{"name":"polygon","all_points_x":[60,66,73,78,86,86,82,66,61],"all_points_y":[30,18,16,18,27,33,37,38,35]},"region_attributes":{"thickness":"blue"}},{"shape_attributes":{"name":"polygon","all_points_x":[12,16,23,44,45,43,14,8,4,13,35,35,19,13,4],"all_points_y":[59,56,56,74,78,83,90,89,83,82,78,76,64,82,83]},"region_attributes":{"thickness":"blue"}},{"shape_attributes":{"name":"polygon","all_points_x":[19,15,16,33,33,21],"all_points_y":[67,80,81,78,76,66]},"region_attributes":{"thickness":"yellow"}}],"file_attributes":{}},"or00002.png13899":{"filename":"or00002.png","size":13899,"regions":[{"shape_attributes":{"name":"polygon","all_points_x":[5,10,15,51,53,52,23,18,11],"all_points_y":[8,5,4,13,16,18,36,36,33]},"region_attributes":{"thickness":"green"}},{"shape_attributes":{"name":"polygon","all_points_x":[22,27,32,68,70,68,33,28,22],"all_points_y":[56,53,53,66,69,72,87,87,85]},"region_attributes":{"thickness":"green"}},{"shape_attributes":{"name":"polygon","all_points_x":[72,81,91,92,92,88,60,57,55,63,82,84,76,63,55],"all_points_y":[71,72,87,88,89,93,92,90,86,87,89,87,75,87,86]},"region_attributes":{"thickness":"green"}},{"shape_attributes":{"name":"polygon","all_points_x":[75,67,80,81],"all_points_y":[78,86,88,86]},"region_attributes":{"thickness":"yellow"}}],"file_attributes":{}},"or00003.png13681":{"filename":"or00003.png","size":13681,"regions":[{"shape_attributes":{"name":"polygon","all_points_x":[15,26,28,29,27,14],"all_points_y":[32,28,29,35,36,33]},"region_attributes":{"thickness":"yellow"}},{"shape_attributes":{"name":"polygon","all_points_x":[71,70,72,84,84,72],"all_points_y":[6,13,14,10,9,6]},"region_attributes":{"thickness":"green"}},{"shape_attributes":{"name":"polygon","all_points_x":[80,81,83,94,83],"all_points_y":[32,37,38,34,30]},"region_attributes":{"thickness":"green"}},{"shape_attributes":{"name":"polygon","all_points_x":[23,22,27,29,37,36],"all_points_y":[53,54,59,60,55,54]},"region_attributes":{"thickness":"green"}},{"shape_attributes":{"name":"polygon","all_points_x":[46,50,54,80,81,80,53,48,44],"all_points_y":[76,73,73,82,84,86,94,94,92]},"region_attributes":{"thickness":"blue"}},{"shape_attributes":{"name":"polygon","all_points_x":[95,83,82,83,95],"all_points_y":[74,78,80,82,86]},"region_attributes":{"thickness":"blue"}},{"shape_attributes":{"name":"polygon","all_points_x":[6,12,23,27,33,36,35,33,27,6,10,13,27,31,30,26,13,10,6],"all_points_y":[24,21,25,23,23,25,38,40,41,34,29,33,37,36,28,27,26,29,34]},"region_attributes":{"thickness":"blue"}},{"shape_attributes":{"name":"polygon","all_points_x":[19,41,45,31,23,15,21,28,39,37,22,21,15],"all_points_y":[49,51,54,64,64,52,55,61,55,53,52,55,52]},"region_attributes":{"thickness":"blue"}},{"shape_attributes":{"name":"polygon","all_points_x":[64,69,91,92,73,69,64,69,72,85,85,69,69,64],"all_points_y":[3,1,7,10,18,18,15,13,15,10,8,5,13,15]},"region_attributes":{"thickness":"blue"}},{"shape_attributes":{"name":"polygon","all_points_x":[73,77,83,87,93,94,95,85,79,75,80,83,95,94,83,79,80,75],"all_points_y":[29,26,27,25,26,27,37,42,42,40,38,39,35,33,29,32,38,40]},"region_attributes":{"thickness":"blue"}}],"file_attributes":{}},"or00004.png12725":{"filename":"or00004.png","size":12725,"regions":[{"shape_attributes":{"name":"polygon","all_points_x":[4,41,49,48,45,38,4,3],"all_points_y":[81,72,74,92,95,95,85,84]},"region_attributes":{"thickness":"green"}},{"shape_attributes":{"name":"polygon","all_points_x":[74,81,84,85,83],"all_points_y":[13,9,10,14,15]},"region_attributes":{"thickness":"yellow"}},{"shape_attributes":{"name":"polygon","all_points_x":[63,64,81,87,89,93,90,85,66,73,83,86,84,81,73,73,66],"all_points_y":[13,11,5,6,7,16,19,19,16,14,16,15,9,8,13,14,16]},"region_attributes":{"thickness":"green"}}],"file_attributes":{}},"or00005.png14073":{"filename":"or00005.png","size":14073,"regions":[{"shape_attributes":{"name":"polygon","all_points_x":[25,31,48,48,46,19,15],"all_points_y":[67,66,85,87,91,95,90]},"region_attributes":{"thickness":"green"}},{"shape_attributes":{"name":"polygon","all_points_x":[67,71,73,94,94,92,71,68,63],"all_points_y":[45,43,43,56,59,62,71,71,67]},"region_attributes":{"thickness":"green"}},{"shape_attributes":{"name":"polygon","all_points_x":[14,25,26,16,13,13],"all_points_y":[42,47,49,54,53,43]},"region_attributes":{"thickness":"yellow"}},{"shape_attributes":{"name":"polygon","all_points_x":[48,48,49,60,59,50],"all_points_y":[17,26,26,22,21,16]},"region_attributes":{"thickness":"yellow"}},{"shape_attributes":{"name":"polygon","all_points_x":[7,2,3,8,10,42,43,42,27,15,12,12,14,26,27,42],"all_points_y":[28,32,65,69,68,51,47,44,50,56,54,41,40,46,49,44]},"region_attributes":{"thickness":"green"}},{"shape_attributes":{"name":"polygon","all_points_x":[45,43,47,50,77,78,78,53,49,51,61,61,49,46,47,51,49],"all_points_y":[5,31,35,35,23,21,17,1,2,15,21,22,28,26,16,15,2]},"region_attributes":{"thickness":"green"}},{"shape_attributes":{"name":"polygon","all_points_x":[4,5,5,2,0,1],"all_points_y":[1,2,4,8,8,1]},"region_attributes":{"thickness":"green"}}],"file_attributes":{}},"or00006.png13653":{"filename":"or00006.png","size":13653,"regions":[{"shape_attributes":{"name":"polygon","all_points_x":[79,74,74,78,89,93,93,87],"all_points_y":[52,59,61,67,67,64,59,52]},"region_attributes":{"thickness":"blue"}},{"shape_attributes":{"name":"polygon","all_points_x":[50,31,30,29,31,51,55,59,58,55],"all_points_y":[64,74,75,79,82,92,92,89,67,64]},"region_attributes":{"thickness":"blue"}},{"shape_attributes":{"name":"polygon","all_points_x":[8,8,19,21,21,19],"all_points_y":[23,25,30,30,19,17]},"region_attributes":{"thickness":"yellow"}},{"shape_attributes":{"name":"polygon","all_points_x":[28,37,39,41,30],"all_points_y":[13,21,21,9,11]},"region_attributes":{"thickness":"yellow"}},{"shape_attributes":{"name":"polygon","all_points_x":[4,4,6,16,21,25,26,24,20,16,19,22,22,20,7,7,19,14],"all_points_y":[26,23,21,15,15,18,30,32,34,34,31,30,18,16,23,26,31,32]},"region_attributes":{"thickness":"blue"}},{"shape_attributes":{"name":"polygon","all_points_x":[24,33,36,42,46,42,39,26,28,42,42,40,37,27,28,26],"all_points_y":[14,23,25,23,10,6,5,8,11,8,9,22,22,13,10,8]},"region_attributes":{"thickness":"blue"}}],"file_attributes":{}},"or00007.png13655":{"filename":"or00007.png","size":13655,"regions":[{"shape_attributes":{"name":"polygon","all_points_x":[22,27,30,30,28,25,21,18,18],"all_points_y":[82,82,85,87,92,94,93,88,85]},"region_attributes":{"thickness":"blue"}},{"shape_attributes":{"name":"polygon","all_points_x":[16,28,29,25,24,15],"all_points_y":[44,41,42,54,55,46]},"region_attributes":{"thickness":"yellow"}},{"shape_attributes":{"name":"polygon","all_points_x":[45,76,80,83,89,87,84,45,44],"all_points_y":[30,5,4,6,50,52,54,37,31]},"region_attributes":{"thickness":"blue"}},{"shape_attributes":{"name":"polygon","all_points_x":[6,34,39,31,29,25,3,13,25,30,28,14,14,3],"all_points_y":[38,31,35,64,67,68,44,46,57,42,40,43,46,44]},"region_attributes":{"thickness":"blue"}}],"file_attributes":{}}}